meigara_id,rank,meigara,yomi,kuramoto,prefecture,city,detail_url
1,1,獺祭,だっさい,旭酒造（山口県）,山口県,岩国市,http://www.sakeno.com/meigara/931
2,2,醸し人九平次,かもしびとくへいじ,萬乗醸造,愛知県,名古屋市,http://www.sakeno.com/meigara/735
3,3,出羽桜,でわざくら,出羽桜酒造,山形県,天童市,http://www.sakeno.com/meigara/219
4,4,田酒,でんしゅ,西田酒造店,青森県,青森市,http://www.sakeno.com/meigara/11
5,5,黒龍,こくりゅう,黒龍酒造,福井県,吉田郡,http://www.sakeno.com/meigara/667
6,6,飛露喜,ひろき,廣木酒造本店,福島県,河沼郡,http://www.sakeno.com/meigara/409
7,7,新政,あらまさ,新政酒造,秋田県,秋田市,http://www.sakeno.com/meigara/55
8,7,雪の茅舎,ゆきのぼうしゃ,齋彌酒造店,秋田県,由利本荘市,http://www.sakeno.com/meigara/62
9,7,鳳凰美田,ほうおうびでん,小林酒造（栃木県）,栃木県,小山市,http://www.sakeno.com/meigara/95
10,10,風の森,かぜのもり,油長酒造,奈良県,御所市,http://www.sakeno.com/meigara/898
11,10,鍋島,なべしま,富久千代酒造,佐賀県,鹿島市,http://www.sakeno.com/meigara/1482
12,12,くどき上手,くどきじょうず,亀の井酒造（山形県）,山形県,鶴岡市,http://www.sakeno.com/meigara/1133
13,12,十四代,じゅうよんだい,高木酒造（山形県）,山形県,村山市,http://www.sakeno.com/meigara/223
14,14,菊姫,きくひめ,菊姫,石川県,白山市,http://www.sakeno.com/meigara/643
15,15,天狗舞,てんぐまい,車多酒造,石川県,白山市,http://www.sakeno.com/meigara/636
16,16,神亀,しんかめ,神亀酒造,埼玉県,蓮田市,http://www.sakeno.com/meigara/486
17,17,浦霞,うらかすみ,佐浦,宮城県,塩竈市,http://www.sakeno.com/meigara/47
18,18,鶴齢,かくれい,青木酒造（新潟県）,新潟県,南魚沼市,http://www.sakeno.com/meigara/583
19,18,楯野川,たてのかわ,楯の川酒造,山形県,酒田市,http://www.sakeno.com/meigara/229
20,20,八海山,はっかいさん,八海醸造,新潟県,南魚沼市,http://www.sakeno.com/meigara/593
21,21,雁木,がんぎ,八百新酒造,山口県,岩国市,http://www.sakeno.com/meigara/1231
22,21,開運,かいうん,土井酒造場,静岡県,掛川市,http://www.sakeno.com/meigara/729
23,21,大七,だいしち,大七酒造,福島県,二本松市,http://www.sakeno.com/meigara/381
24,24,〆張鶴,しめはりつる,宮尾酒造,新潟県,村上市,http://www.sakeno.com/meigara/615
25,25,久保田,くぼた,朝日酒造（新潟県）,新潟県,長岡市,http://www.sakeno.com/meigara/577
26,25,酔鯨,すいげい,酔鯨酒造,高知県,高知市,http://www.sakeno.com/meigara/365
27,25,手取川,てどりがわ,吉田酒造店,石川県,白山市,http://www.sakeno.com/meigara/642
28,25,東一,あづまいち,五町田酒造,佐賀県,嬉野市,http://www.sakeno.com/meigara/293
29,25,陸奥八仙,むつはっせん,八戸酒造,青森県,八戸市,http://www.sakeno.com/meigara/24
30,30,写楽（寫樂）,しゃらく,宮泉銘醸,福島県,会津若松市,http://www.sakeno.com/meigara/1804
31,30,仙禽,せんきん,株式会社せんきん,栃木県,さくら市,http://www.sakeno.com/meigara/457
32,32,東洋美人,とうようびじん,澄川酒造場,山口県,萩市,http://www.sakeno.com/meigara/1094
33,32,花陽浴,はなあび,南陽醸造,埼玉県,羽生市,http://www.sakeno.com/meigara/1408
34,32,磯自慢,いそじまん,磯自慢酒造,静岡県,焼津市,http://www.sakeno.com/meigara/725
35,32,梵,ぼん,加藤吉平商店,福井県,鯖江市,http://www.sakeno.com/meigara/674
36,36,悦凱陣,よろこびがいじん,丸尾本店,香川県,仲多度郡,http://www.sakeno.com/meigara/325
37,36,真澄,ますみ,宮坂醸造,長野県,諏訪市,http://www.sakeno.com/meigara/120
38,36,秋鹿,あきしか,秋鹿酒造,大阪府,豊能郡,http://www.sakeno.com/meigara/802
39,36,奥播磨,おくはりま,下村酒造店,兵庫県,姫路市,http://www.sakeno.com/meigara/873
40,40,王祿,おうろく,王祿酒造,島根県,松江市,http://www.sakeno.com/meigara/1173
41,40,臥龍梅,がりゅうばい,三和酒造,静岡県,静岡市,http://www.sakeno.com/meigara/718
42,40,豊盃,ほうはい,三浦酒造（青森県）,青森県,弘前市,http://www.sakeno.com/meigara/1098
43,43,黒牛,くろうし,名手酒造店,和歌山県,海南市,http://www.sakeno.com/meigara/925
44,43,伯楽星,はくらくせい,新澤醸造店,宮城県,大崎市,http://www.sakeno.com/meigara/1380
45,45,義侠,ぎきょう,山忠本家酒造,愛知県,愛西市,http://www.sakeno.com/meigara/747
46,45,上喜元,じょうきげん,酒田酒造,山形県,酒田市,http://www.sakeno.com/meigara/224
47,47,日高見,ひたかみ,平孝酒造,宮城県,石巻市,http://www.sakeno.com/meigara/184
48,47,玉川（京都府）,たまがわ,木下酒造,京都府,京丹後市,http://www.sakeno.com/meigara/1592
49,47,小左衛門,こざえもん,中島醸造,岐阜県,瑞浪市,http://www.sakeno.com/meigara/1444
50,47,一ノ蔵,いちのくら,一ノ蔵,宮城県,大崎市,http://www.sakeno.com/meigara/177
51,47,作,ざく,清水清三郎商店,三重県,鈴鹿市,http://www.sakeno.com/meigara/762
52,47,奈良萬,ならまん,夢心酒造,福島県,喜多方市,http://www.sakeno.com/meigara/1262
53,53,屋守,おくのかみ,豊島屋酒造,東京都,東村山市,http://www.sakeno.com/meigara/1361
54,53,村祐,むらゆう,村祐酒造,新潟県,新潟市,http://www.sakeno.com/meigara/1130
55,53,白瀑,しらたき,山本,秋田県,山本郡,http://www.sakeno.com/meigara/60
56,53,南部美人,なんぶびじん,南部美人,岩手県,二戸市,http://www.sakeno.com/meigara/37
57,57,三芳菊,みよしきく,三芳菊酒造,徳島県,三好市,http://www.sakeno.com/meigara/1456
58,57,七田,しちだ,天山酒造,佐賀県,小城市,http://www.sakeno.com/meigara/1352
59,57,雨後の月,うごのつき,相原酒造,広島県,呉市,http://www.sakeno.com/meigara/1189
60,57,紀土 KID,きっど,平和酒造（和歌山県）,和歌山県,海南市,http://www.sakeno.com/meigara/1590
61,61,亀齢（広島県）,きれい,亀齢酒造,広島県,東広島市,http://www.sakeno.com/meigara/1031
62,61,天明,てんめい,曙酒造,福島県,河沼郡,http://www.sakeno.com/meigara/404
63,61,満寿泉,ますいずみ,桝田酒造店,富山県,富山市,http://www.sakeno.com/meigara/621
64,64,勝駒,かちこま,清都酒造場,富山県,高岡市,http://www.sakeno.com/meigara/625
65,64,蓬莱泉,ほうらいせん,関谷醸造,愛知県,北設楽郡,http://www.sakeno.com/meigara/756
66,64,東光,とうこう,小嶋総本店,山形県,米沢市,http://www.sakeno.com/meigara/240
67,64,雅山流,がさんりゅう,新藤酒造店,山形県,米沢市,http://www.sakeno.com/meigara/245
68,64,緑川,みどりかわ,緑川酒造,新潟県,魚沼市,http://www.sakeno.com/meigara/584
69,64,正雪,しょうせつ,神沢川酒造場,静岡県,静岡市,http://www.sakeno.com/meigara/1102
70,70,まんさくの花,まんさくのはな,日の丸醸造,秋田県,横手市,http://www.sakeno.com/meigara/206
71,70,飛良泉,ひらいずみ,飛良泉本舗,秋田県,にかほ市,http://www.sakeno.com/meigara/196
72,70,七本槍,しちほんやり,冨田酒造,滋賀県,長浜市,http://www.sakeno.com/meigara/1211
73,70,澤乃井,さわのい,小澤酒造,東京都,青梅市,http://www.sakeno.com/meigara/112
74,70,遊穂,ゆうほ,御祖酒造,石川県,鹿島郡,http://www.sakeno.com/meigara/1300
75,70,あさ開,あさびらき,あさ開,岩手県,盛岡市,http://www.sakeno.com/meigara/27
76,70,姿,すがた,飯沼銘醸,栃木県,栃木市,http://www.sakeno.com/meigara/1616
77,77,南,みなみ,南酒造場,高知県,安芸郡,http://www.sakeno.com/meigara/378
78,77,宝剣,ほうけん,宝剣酒造,広島県,呉市,http://www.sakeno.com/meigara/1020
79,77,大那,だいな,菊の里酒造,栃木県,大田原市,http://www.sakeno.com/meigara/1473
80,77,越乃寒梅,こしのかんばい,石本酒造,新潟県,新潟市,http://www.sakeno.com/meigara/1169
81,77,春鹿,はるしか,今西清兵衛商店,奈良県,奈良市,http://www.sakeno.com/meigara/887
82,77,常きげん,じょうきげん,鹿野酒造,石川県,加賀市,http://www.sakeno.com/meigara/647
83,77,五橋,ごきょう,酒井酒造,山口県,岩国市,http://www.sakeno.com/meigara/928
84,77,加賀鳶,かがとび,福光屋,石川県,金沢市,http://www.sakeno.com/meigara/641
85,77,国権,こっけん,国権酒造,福島県,南会津郡,http://www.sakeno.com/meigara/391
86,77,刈穂,かりほ,刈穂酒造,秋田県,大仙市,http://www.sakeno.com/meigara/198
87,77,松の司,まつのつかさ,松瀬酒造,滋賀県,蒲生郡,http://www.sakeno.com/meigara/793
88,77,ロ万,ろまん,花泉酒造,福島県,南会津郡,http://www.sakeno.com/meigara/1618
89,77,剣菱,けんびし,剣菱酒造,兵庫県,神戸市,http://www.sakeno.com/meigara/843
90,90,綿屋,わたや,金の井酒造,宮城県,栗原市,http://www.sakeno.com/meigara/1546
91,90,山間,やんま,新潟第一酒造,新潟県,上越市,http://www.sakeno.com/meigara/1517
92,90,秀鳳,しゅうほう,秀鳳酒造場,山形県,山形市,http://www.sakeno.com/meigara/217
93,90,越乃景虎,こしのかげとら,諸橋酒造,新潟県,長岡市,http://www.sakeno.com/meigara/570
94,90,菊水,きくすい,菊水酒造（新潟県）,新潟県,新発田市,http://www.sakeno.com/meigara/136
95,90,亀泉,かめいずみ,亀泉酒造,高知県,土佐市,http://www.sakeno.com/meigara/367
96,90,銀嶺立山,ぎんれいたてやま,立山酒造,富山県,砺波市,http://www.sakeno.com/meigara/634
97,90,三千盛,みちさかり,三千盛,岐阜県,多治見市,http://www.sakeno.com/meigara/699
98,90,尾瀬の雪どけ,おぜのゆきどけ,龍神酒造,群馬県,館林市,http://www.sakeno.com/meigara/473
99,90,ひこ孫,ひこまご,神亀酒造,埼玉県,蓮田市,http://www.sakeno.com/meigara/487
100,90,庭のうぐいす,にわのうぐいす,山口酒造場,福岡県,久留米市,http://www.sakeno.com/meigara/263
101,101,麒麟山,きりんざん,麒麟山酒造,新潟県,東蒲原郡,http://www.sakeno.com/meigara/135
102,101,来福,らいふく,来福酒造,茨城県,筑西市,http://www.sakeno.com/meigara/447
103,101,乾坤一,けんこんいち,大沼酒造店,宮城県,柴田郡,http://www.sakeno.com/meigara/1153
104,101,墨廼江,すみのえ,墨廼江酒造,宮城県,石巻市,http://www.sakeno.com/meigara/183
105,101,石鎚,いしづち,石鎚酒造,愛媛県,西条市,http://www.sakeno.com/meigara/348
106,101,初亀,はつかめ,初亀醸造,静岡県,藤枝市,http://www.sakeno.com/meigara/728
107,101,初孫,はつまご,東北銘醸,山形県,酒田市,http://www.sakeno.com/meigara/228
108,101,早瀬浦,はやせうら,三宅彦右衛門酒造,福井県,三方郡,http://www.sakeno.com/meigara/675
109,101,羽根屋,はねや,富美菊酒造,富山県,富山市,http://www.sakeno.com/meigara/1598
110,101,天の戸,あまのと,浅舞酒造,秋田県,横手市,http://www.sakeno.com/meigara/210
111,101,佐久乃花,さくのはな,佐久の花酒造,長野県,佐久市,http://www.sakeno.com/meigara/1131
112,101,幻,まぼろし,中尾醸造,広島県,竹原市,http://www.sakeno.com/meigara/1042
113,113,郷乃誉,さとのほまれ,須藤本家（茨城県）,茨城県,笠間市,http://www.sakeno.com/meigara/1081
114,113,諏訪泉,すわいずみ,諏訪酒造,鳥取県,八頭郡,http://www.sakeno.com/meigara/949
115,113,李白,りはく,李白酒造,島根県,松江市,http://www.sakeno.com/meigara/964
116,113,酔心,すいしん,酔心山根本店,広島県,三原市,http://www.sakeno.com/meigara/1044
117,113,長珍,ちょうちん,長珍酒造,愛知県,津島市,http://www.sakeno.com/meigara/1594
118,113,呉春,ごしゅん,呉春,大阪府,池田市,http://www.sakeno.com/meigara/801
119,113,一白水成,いっぱくすいせい,福禄寿酒造,秋田県,南秋田郡,http://www.sakeno.com/meigara/1753
120,113,不動,ふどう,鍋店,千葉県,香取郡,http://www.sakeno.com/meigara/1599
121,113,繁桝,しげます,高橋商店,福岡県,八女市,http://www.sakeno.com/meigara/278
122,113,蒼空,そうくう,藤岡酒造,京都府,京都市,http://www.sakeno.com/meigara/1087
123,113,雪中梅,せっちゅうばい,丸山酒造場,新潟県,上越市,http://www.sakeno.com/meigara/610
124,113,喜久酔,きくよい,青島酒造,静岡県,藤枝市,http://www.sakeno.com/meigara/722
125,113,泉川,いずみかわ,廣木酒造本店,福島県,河沼郡,http://www.sakeno.com/meigara/408
126,113,車坂,くるまざか,吉村秀雄商店,和歌山県,岩出市,http://www.sakeno.com/meigara/1353
127,113,梅乃宿,うめのやど,梅乃宿酒造,奈良県,葛城市,http://www.sakeno.com/meigara/899
128,128,いづみ橋,いづみばし,泉橋酒造,神奈川県,海老名市,http://www.sakeno.com/meigara/499
129,128,大信州,だいしんしゅう,大信州酒造,長野県,松本市,http://www.sakeno.com/meigara/126
130,128,龍力,たつりき,本田商店,兵庫県,姫路市,http://www.sakeno.com/meigara/871
131,128,嘉美心,かみこころ,嘉美心酒造,岡山県,浅口市,http://www.sakeno.com/meigara/996
132,128,残草蓬莱,ざるそうほうらい,大矢孝酒造,神奈川県,愛甲郡,http://www.sakeno.com/meigara/1174
133,128,栄光冨士,えいこうふじ,冨士酒造,山形県,鶴岡市,http://www.sakeno.com/meigara/72
134,128,貴,たか,永山本家酒造場,山口県,宇部市,http://www.sakeno.com/meigara/1085
135,128,水芭蕉,みずばしょう,永井酒造,群馬県,利根郡,http://www.sakeno.com/meigara/99
136,128,萩の鶴,はぎのつる,萩野酒造,宮城県,栗原市,http://www.sakeno.com/meigara/179
137,128,篠峯,しのみね,千代酒造,奈良県,御所市,http://www.sakeno.com/meigara/1514
138,128,日置桜,ひおきざくら,山根酒造場,鳥取県,鳥取市,http://www.sakeno.com/meigara/950
139,128,龍神丸,りゅうじんまる,高垣酒造,和歌山県,有田郡,http://www.sakeno.com/meigara/1529
140,128,北雪,ほくせつ,北雪酒造,新潟県,佐渡市,http://www.sakeno.com/meigara/616
141,128,鷹勇,たかいさみ,大谷酒造,鳥取県,東伯郡,http://www.sakeno.com/meigara/957
142,128,上善如水,じょうぜんみずのごとし,白瀧酒造,新潟県,南魚沼郡,http://www.sakeno.com/meigara/588
143,128,たかちよ,たかちよ,高千代酒造,新潟県,南魚沼市,http://www.sakeno.com/meigara/2899
144,144,宗玄,そうげん,宗玄酒造,石川県,珠洲市,http://www.sakeno.com/meigara/1055
145,144,小鼓,こつづみ,西山酒造場,兵庫県,丹波市,http://www.sakeno.com/meigara/875
146,144,鯉川,こいかわ,鯉川酒造,山形県,東田川郡,http://www.sakeno.com/meigara/71
147,144,不老泉,ふろうせん,上原酒造,滋賀県,高島市,http://www.sakeno.com/meigara/1119
148,144,磐城壽,いわきことぶき,鈴木酒造店（福島県）,福島県,双葉郡,http://www.sakeno.com/meigara/1337
149,144,群馬泉,ぐんまいずみ,島岡酒造,群馬県,太田市,http://www.sakeno.com/meigara/474
150,144,龍勢,りゅうせい,藤井酒造（広島県）,広島県,竹原市,http://www.sakeno.com/meigara/1039
151,144,鏡山,かがみやま,小江戸鏡山酒造,埼玉県,川越市,http://www.sakeno.com/meigara/1369
152,144,花垣,はながき,南部酒造場,福井県,大野市,http://www.sakeno.com/meigara/670
153,144,白岳仙,はくがくせん,安本酒造,福井県,福井市,http://www.sakeno.com/meigara/1061
154,144,笑四季,えみしき,笑四季酒造,滋賀県,甲賀市,http://www.sakeno.com/meigara/784
155,144,萩乃露,はぎのつゆ,福井弥平商店,滋賀県,高島市,http://www.sakeno.com/meigara/800
156,144,醴泉,れいせん,玉泉堂酒造,岐阜県,養老郡,http://www.sakeno.com/meigara/691
157,144,花泉,はないずみ,花泉酒造,福島県,南会津郡,http://www.sakeno.com/meigara/1221
158,144,大山,おおやま,加藤嘉八郎酒造,山形県,鶴岡市,http://www.sakeno.com/meigara/236
159,144,鳴海,なるか,東灘醸造,千葉県,勝浦市,http://www.sakeno.com/meigara/1994
160,144,帰山,きざん,千曲錦酒造,長野県,佐久市,http://www.sakeno.com/meigara/1750
161,144,賀茂金秀,かもきんしゅう,金光酒造（広島県）,広島県,東広島市,http://www.sakeno.com/meigara/1233
162,144,奥の松,おくのまつ,奥の松酒造,福島県,二本松市,http://www.sakeno.com/meigara/382
163,144,宮寒梅,みやかんばい,寒梅酒造（宮城県）,宮城県,大崎市,http://www.sakeno.com/meigara/46
164,144,るみ子の酒,るみこのさけ,森喜酒造場,三重県,伊賀市千歳41-2,http://www.sakeno.com/meigara/775
165,144,甲子,きのえねまさむね,飯沼本家,千葉県,印旛郡,http://www.sakeno.com/meigara/105
166,144,誠鏡,せいきょう,中尾醸造,広島県,竹原市,http://www.sakeno.com/meigara/1041
167,144,旭日,きょくじつ,藤居本家,滋賀県,愛知郡,http://www.sakeno.com/meigara/795
168,168,あぶくま,あぶくま,玄葉本店,福島県,田村市,http://www.sakeno.com/meigara/388
169,168,町田酒造,まちだしゅぞう,町田酒造店（群馬県前橋市）,群馬県,前橋市,http://www.sakeno.com/meigara/1569
170,168,春霞,はるがすみ,栗林酒造店,秋田県,仙北郡,http://www.sakeno.com/meigara/192
171,168,賀儀屋,かぎや,成龍酒造,愛媛県,西条市,http://www.sakeno.com/meigara/1536
172,168,川鶴,かわつる,川鶴酒造,香川県,観音寺市,http://www.sakeno.com/meigara/337
173,168,明鏡止水,めいきょうしすい,大澤酒造,長野県,佐久市,http://www.sakeno.com/meigara/525
174,168,洗心,せんしん,朝日酒造（新潟県）,新潟県,長岡市,http://www.sakeno.com/meigara/1171
175,168,出雲富士,いずもふじ,富士酒造,島根県,出雲市,http://www.sakeno.com/meigara/971
176,168,会津娘,あいづむすめ,高橋庄作酒造店,福島県,会津若松市,http://www.sakeno.com/meigara/80
177,168,住吉,すみよし,樽平酒造,山形県,東置賜郡,http://www.sakeno.com/meigara/247
178,168,天吹,あまぶき,天吹酒造,佐賀県,三養基郡,http://www.sakeno.com/meigara/288
179,168,会津中将,あいづちゅうじょう,鶴乃江酒造,福島県,会津若松市,http://www.sakeno.com/meigara/396
180,168,豊賀,とよか,高沢酒造,長野県,上高井郡,http://www.sakeno.com/meigara/1601
181,168,美丈夫,びじょうぶ,浜川商店,高知県,安芸郡,http://www.sakeno.com/meigara/375
182,168,菊正宗,きくまさむね,菊正宗酒造,兵庫県,神戸市,http://www.sakeno.com/meigara/842
183,168,富久長,ふくちょう,今田酒造本店,広島県,東広島市,http://www.sakeno.com/meigara/1040
184,168,れいざん,れいざん,山村酒造,熊本県,阿蘇郡,http://www.sakeno.com/meigara/308
185,168,一本義,いっぽんぎ,一本義久保本店,福井県,勝山市,http://www.sakeno.com/meigara/1083
186,168,竹鶴,たけつる,竹鶴酒造,広島県,竹原市,http://www.sakeno.com/meigara/1036
187,168,丹沢山,たんざわさん,川西屋酒造店,神奈川県,足柄上郡,http://www.sakeno.com/meigara/498
188,168,奥,おく,山崎合資,愛知県,西尾市,http://www.sakeno.com/meigara/1253
189,168,十九,じゅうく,尾澤酒造場,長野県,長野市,http://www.sakeno.com/meigara/1106
190,168,長陽福娘,ちょうようふくむすめ,岩崎酒造,山口県,萩市,http://www.sakeno.com/meigara/1742
191,168,白龍（福井県）,はくりゅう,吉田酒造（福井県）,福井県,吉田郡,http://www.sakeno.com/meigara/1288
192,168,美寿々,みすず,美寿々酒造,長野県,塩尻市,http://www.sakeno.com/meigara/1070
193,168,三連星,さんれんせい,美冨久酒造,滋賀県,甲賀市,http://www.sakeno.com/meigara/1653
194,168,天寿,てんじゅ,天寿酒造,秋田県,由利本荘市,http://www.sakeno.com/meigara/197
195,168,天覧山,てんらんざん,五十嵐酒造,埼玉県,飯能市,http://www.sakeno.com/meigara/1120
196,168,酔右衛門,よえもん,川村酒造店,岩手県,花巻市,http://www.sakeno.com/meigara/1269
197,168,大倉,おおくら,大倉本家,奈良県,香芝市,http://www.sakeno.com/meigara/1273
198,168,高千代,たかちよ,高千代酒造,新潟県,南魚沼市,http://www.sakeno.com/meigara/1442
199,168,相模灘,さがみなだ,久保田酒造（神奈川県）,神奈川県,相模原市,http://www.sakeno.com/meigara/1241
200,168,七賢,しちけん,山梨銘醸,山梨県,北杜市,http://www.sakeno.com/meigara/506
